"id","cycle","counter","endofcycle","setting1","setting2","setting3","s1","s2","s3","s4","s5","s6","s7","s8","s9","s10","s11","s12","s13","s14","s15","s16","s17","s18","s19","s20","s21"
1,1,1,0,-0.0407685119872632,3e-04,100,518.67,643.184970866181,1580.63113878632,1397.53456551638,14.62,21.61,553.939087723437,2388.17449582948,9051.78787927746,1.3,46.9249769975806,522.668935024554,2388.15604074799,8126.59040907823,8.48934722679956,0.03,391.000175640869,2388,100,38.5368596376602,23.1838069920315
1,1,2,0,0.0330477928742186,3e-04,100,518.67,643.123135899964,1584.93368111289,1396.65538261699,14.62,21.61,553.472038316213,2388.31429637813,9051.98081310211,1.3,47.0744185121215,521.571469065172,2388.30539642321,8121.33848579053,8.43270678337603,0.03,391.46185372403,2388,100,38.9983973317042,23.4074066906187
1,1,5,0,0.040590827646232,3e-04,100,518.67,643.18092553851,1586.58791682245,1399.5600816602,14.62,21.61,554.624931565918,2387.9684235855,9047.81296511044,1.3,47.21617294082,521.895363892631,2387.98382730012,8123.75667251203,8.66179183480065,0.03,392.207015270549,2388,100,39.2610425702349,23.2839491421045
2,1,5,0,0.0792824817221344,4e-04,100,518.67,642.39394036936,1588.69968540039,1410.02527852917,14.62,21.61,553.37958181066,2387.87427501576,9038.63864403034,1.3,47.5053556070139,521.88812142844,2388.05322264057,8128.60700403592,8.61859937733523,0.03,391.197228003263,2388,100,38.2326013313512,22.7106216217457
1,1,6,0,0.0444162209228132,3e-04,100,518.67,643.095202744638,1588.33907028448,1399.10549184095,14.62,21.61,553.514282817157,2388.24598589767,9050.79422629933,1.3,47.0054784008731,521.693789648262,2387.88768491317,8126.65111053957,8.43915934231253,0.03,391.12623139562,2388,100,38.6919394064846,23.5439701817519
34,1,6,0,0.0218196207406394,-2e-04,100,518.67,642.927050562186,1576.37944595482,1402.34008844942,14.62,21.6177997366654,554.069750426555,2387.92111238051,9069.35096911873,1.3,46.6234583027248,521.342246322833,2387.8416416864,8144.9584688511,8.15474094244224,0.03,391.335075646889,2388,100,39.338785304308,23.4409255216009
